date,category,description,amount
2026-09-02,Food,Canteen lunch,120
2026-09-03,Travel,Metro card recharge,200
2026-09-04,Education,Printed notes for Python,85
2026-09-05,Entertainment,Movie ticket with friends,250
2026-09-07,Food,Mess snacks for the month,450
2026-09-09,Travel,Autorickshaw to railway station,60
2026-09-11,Education,Data Structures reference book,350
2026-09-13,Food,Chai and samosa,40
2026-09-15,Entertainment,Cricket match ticket,300
2026-09-17,Travel,Monthly bus pass,500
2026-09-18,Other,Mobile recharge plan,239
2026-09-20,Education,Stationery and record files,150
2026-09-22,Food,Birthday treat for classmates,600
2026-09-24,Entertainment,Music streaming subscription,119
2026-09-25,Travel,Cab to airport,420
2026-09-26,Education,Online Python course fee,999
2026-09-28,Other,Gift for sister,300
2026-09-29,Food,Dinner at food court,280
